<annotation>
	<filename>J01_2018.06.20 15_24_26.jpg</filename>
	<source>
		<database>Unknown</database>
	</source>
	<size>
		<width>2560</width>
		<height>1920</height>
		<depth>3</depth>
	</size>
	<segmented>0</segmented>
	<object>
		<name>maoban</name>
		<pose>Unspecified</pose>
		<truncated>0</truncated>
		<difficult>0</difficult>
		<bndbox>
			<xmin>1155</xmin>
			<ymin>228</ymin>
			<xmax>1292</xmax>
			<ymax>341</ymax>
		</bndbox>
	</object>
	<object>
		<name>maoban</name>
		<pose>Unspecified</pose>
		<truncated>0</truncated>
		<difficult>0</difficult>
		<bndbox>
			<xmin>1353</xmin>
			<ymin>421</ymin>
			<xmax>1553</xmax>
			<ymax>643</ymax>
		</bndbox>
	</object>
	<object>
		<name>maoban</name>
		<pose>Unspecified</pose>
		<truncated>0</truncated>
		<difficult>0</difficult>
		<bndbox>
			<xmin>1707</xmin>
			<ymin>1587</ymin>
			<xmax>1902</xmax>
			<ymax>1749</ymax>
		</bndbox>
	</object>
</annotation>