<annotation>
	<filename>J01_2018.06.17 14_37_09.jpg</filename>
	<source>
		<database>Unknown</database>
	</source>
	<size>
		<width>2560</width>
		<height>1920</height>
		<depth>3</depth>
	</size>
	<segmented>0</segmented>
	<object>
		<name>zhixi</name>
		<pose>Unspecified</pose>
		<truncated>0</truncated>
		<difficult>0</difficult>
		<bndbox>
			<xmin>1247</xmin>
			<ymin>532</ymin>
			<xmax>1563</xmax>
			<ymax>632</ymax>
		</bndbox>
	</object>
	<object>
		<name>diaowei</name>
		<pose>Unspecified</pose>
		<truncated>0</truncated>
		<difficult>0</difficult>
		<bndbox>
			<xmin>1851</xmin>
			<ymin>16</ymin>
			<xmax>2149</xmax>
			<ymax>1666</ymax>
		</bndbox>
	</object>
</annotation>