<annotation>
	<filename>J01_2018.06.16 10_31_49.jpg</filename>
	<source>
		<database>Unknown</database>
	</source>
	<size>
		<width>2560</width>
		<height>1920</height>
		<depth>3</depth>
	</size>
	<segmented>0</segmented>
	<object>
		<name>cashang</name>
		<pose>Unspecified</pose>
		<truncated>0</truncated>
		<difficult>0</difficult>
		<bndbox>
			<xmin>1474</xmin>
			<ymin>966</ymin>
			<xmax>1576</xmax>
			<ymax>1088</ymax>
		</bndbox>
	</object>
	<object>
		<name>cashang</name>
		<pose>Unspecified</pose>
		<truncated>0</truncated>
		<difficult>0</difficult>
		<bndbox>
			<xmin>1747</xmin>
			<ymin>1032</ymin>
			<xmax>1827</xmax>
			<ymax>1129</ymax>
		</bndbox>
	</object>
</annotation>