<annotation>
	<filename>J01_2018.06.16 09_22_59.jpg</filename>
	<source>
		<database>Unknown</database>
	</source>
	<size>
		<width>2560</width>
		<height>1920</height>
		<depth>3</depth>
	</size>
	<segmented>0</segmented>
	<object>
		<name>wuzi</name>
		<pose>Unspecified</pose>
		<truncated>0</truncated>
		<difficult>0</difficult>
		<bndbox>
			<xmin>1156</xmin>
			<ymin>849</ymin>
			<xmax>1308</xmax>
			<ymax>1015</ymax>
		</bndbox>
	</object>
	<object>
		<name>wuzi</name>
		<pose>Unspecified</pose>
		<truncated>0</truncated>
		<difficult>0</difficult>
		<bndbox>
			<xmin>1256</xmin>
			<ymin>493</ymin>
			<xmax>1752</xmax>
			<ymax>668</ymax>
		</bndbox>
	</object>
	<object>
		<name>wuzi</name>
		<pose>Unspecified</pose>
		<truncated>0</truncated>
		<difficult>0</difficult>
		<bndbox>
			<xmin>234</xmin>
			<ymin>1100</ymin>
			<xmax>520</xmax>
			<ymax>1251</ymax>
		</bndbox>
	</object>
</annotation>