<annotation>
	<filename>J01_2018.06.20 14_34_25.jpg</filename>
	<source>
		<database>Unknown</database>
	</source>
	<size>
		<width>2560</width>
		<height>1920</height>
		<depth>3</depth>
	</size>
	<segmented>0</segmented>
	<object>
		<name>bianzhenyan</name>
		<pose>Unspecified</pose>
		<truncated>0</truncated>
		<difficult>0</difficult>
		<bndbox>
			<xmin>185</xmin>
			<ymin>765</ymin>
			<xmax>255</xmax>
			<ymax>989</ymax>
		</bndbox>
	</object>
	<object>
		<name>bianzhenyan</name>
		<pose>Unspecified</pose>
		<truncated>0</truncated>
		<difficult>0</difficult>
		<bndbox>
			<xmin>226</xmin>
			<ymin>1461</ymin>
			<xmax>271</xmax>
			<ymax>1532</ymax>
		</bndbox>
	</object>
</annotation>