<annotation>
	<filename>J01_2018.06.17 13_21_37.jpg</filename>
	<source>
		<database>Unknown</database>
	</source>
	<size>
		<width>2560</width>
		<height>1920</height>
		<depth>3</depth>
	</size>
	<segmented>0</segmented>
	<object>
		<name>tiaohua</name>
		<pose>Unspecified</pose>
		<truncated>0</truncated>
		<difficult>0</difficult>
		<bndbox>
			<xmin>1178</xmin>
			<ymin>11</ymin>
			<xmax>1224</xmax>
			<ymax>484</ymax>
		</bndbox>
	</object>
	<object>
		<name>tiaohua</name>
		<pose>Unspecified</pose>
		<truncated>0</truncated>
		<difficult>0</difficult>
		<bndbox>
			<xmin>1151</xmin>
			<ymin>801</ymin>
			<xmax>1191</xmax>
			<ymax>859</ymax>
		</bndbox>
	</object>
	<object>
		<name>tiaohua</name>
		<pose>Unspecified</pose>
		<truncated>0</truncated>
		<difficult>0</difficult>
		<bndbox>
			<xmin>1125</xmin>
			<ymin>1158</ymin>
			<xmax>1164</xmax>
			<ymax>1643</ymax>
		</bndbox>
	</object>
</annotation>