<annotation>
	<filename>J01_2018.06.17 13_14_33.jpg</filename>
	<source>
		<database>Unknown</database>
	</source>
	<size>
		<width>2560</width>
		<height>1920</height>
		<depth>3</depth>
	</size>
	<segmented>0</segmented>
	<object>
		<name>zhixi</name>
		<pose>Unspecified</pose>
		<truncated>0</truncated>
		<difficult>0</difficult>
		<bndbox>
			<xmin>867</xmin>
			<ymin>732</ymin>
			<xmax>1491</xmax>
			<ymax>822</ymax>
		</bndbox>
	</object>
	<object>
		<name>zhixi</name>
		<pose>Unspecified</pose>
		<truncated>0</truncated>
		<difficult>0</difficult>
		<bndbox>
			<xmin>2129</xmin>
			<ymin>888</ymin>
			<xmax>2553</xmax>
			<ymax>986</ymax>
		</bndbox>
	</object>
</annotation>