<annotation>
	<filename>J01_2018.06.17 15_53_35.jpg</filename>
	<source>
		<database>Unknown</database>
	</source>
	<size>
		<width>2560</width>
		<height>1920</height>
		<depth>3</depth>
	</size>
	<segmented>0</segmented>
	<object>
		<name>quejing</name>
		<pose>Unspecified</pose>
		<truncated>0</truncated>
		<difficult>0</difficult>
		<bndbox>
			<xmin>1529</xmin>
			<ymin>14</ymin>
			<xmax>1627</xmax>
			<ymax>1848</ymax>
		</bndbox>
	</object>
	<object>
		<name>quejing</name>
		<pose>Unspecified</pose>
		<truncated>0</truncated>
		<difficult>0</difficult>
		<bndbox>
			<xmin>1099</xmin>
			<ymin>6</ymin>
			<xmax>1311</xmax>
			<ymax>1824</ymax>
		</bndbox>
	</object>
</annotation>