<annotation>
	<filename>J01_2018.06.17 15_07_25.jpg</filename>
	<source>
		<database>Unknown</database>
	</source>
	<size>
		<width>2560</width>
		<height>1920</height>
		<depth>3</depth>
	</size>
	<segmented>0</segmented>
	<object>
		<name>quewei</name>
		<pose>Unspecified</pose>
		<truncated>0</truncated>
		<difficult>0</difficult>
		<bndbox>
			<xmin>27</xmin>
			<ymin>600</ymin>
			<xmax>2527</xmax>
			<ymax>700</ymax>
		</bndbox>
	</object>
	<object>
		<name>maoban</name>
		<pose>Unspecified</pose>
		<truncated>0</truncated>
		<difficult>0</difficult>
		<bndbox>
			<xmin>1374</xmin>
			<ymin>1574</ymin>
			<xmax>1529</xmax>
			<ymax>1719</ymax>
		</bndbox>
	</object>
	<object>
		<name>maoban</name>
		<pose>Unspecified</pose>
		<truncated>0</truncated>
		<difficult>0</difficult>
		<bndbox>
			<xmin>1771</xmin>
			<ymin>1464</ymin>
			<xmax>1864</xmax>
			<ymax>1563</ymax>
		</bndbox>
	</object>
</annotation>