<annotation>
	<filename>J01_2018.06.17 09_13_36.jpg</filename>
	<source>
		<database>Unknown</database>
	</source>
	<size>
		<width>2560</width>
		<height>1920</height>
		<depth>3</depth>
	</size>
	<segmented>0</segmented>
	<object>
		<name>maoban</name>
		<pose>Unspecified</pose>
		<truncated>0</truncated>
		<difficult>0</difficult>
		<bndbox>
			<xmin>1303</xmin>
			<ymin>1074</ymin>
			<xmax>1459</xmax>
			<ymax>1174</ymax>
		</bndbox>
	</object>
	<object>
		<name>maoban</name>
		<pose>Unspecified</pose>
		<truncated>0</truncated>
		<difficult>0</difficult>
		<bndbox>
			<xmin>1327</xmin>
			<ymin>812</ymin>
			<xmax>1469</xmax>
			<ymax>904</ymax>
		</bndbox>
	</object>
	<object>
		<name>maoban</name>
		<pose>Unspecified</pose>
		<truncated>0</truncated>
		<difficult>0</difficult>
		<bndbox>
			<xmin>1401</xmin>
			<ymin>442</ymin>
			<xmax>1691</xmax>
			<ymax>598</ymax>
		</bndbox>
	</object>
	<object>
		<name>maoban</name>
		<pose>Unspecified</pose>
		<truncated>0</truncated>
		<difficult>0</difficult>
		<bndbox>
			<xmin>1387</xmin>
			<ymin>134</ymin>
			<xmax>1735</xmax>
			<ymax>264</ymax>
		</bndbox>
	</object>
</annotation>