<annotation>
	<filename>J01_2018.06.19 09_16_36.jpg</filename>
	<source>
		<database>Unknown</database>
	</source>
	<size>
		<width>2560</width>
		<height>1920</height>
		<depth>3</depth>
	</size>
	<segmented>0</segmented>
	<object>
		<name>diaojing</name>
		<pose>Unspecified</pose>
		<truncated>0</truncated>
		<difficult>0</difficult>
		<bndbox>
			<xmin>150</xmin>
			<ymin>250</ymin>
			<xmax>193</xmax>
			<ymax>837</ymax>
		</bndbox>
	</object>
	<object>
		<name>quewei</name>
		<pose>Unspecified</pose>
		<truncated>0</truncated>
		<difficult>0</difficult>
		<bndbox>
			<xmin>199</xmin>
			<ymin>175</ymin>
			<xmax>2537</xmax>
			<ymax>289</ymax>
		</bndbox>
	</object>
</annotation>