<annotation>
	<filename>J01_2018.06.16 10_01_14.jpg</filename>
	<source>
		<database>Unknown</database>
	</source>
	<size>
		<width>2560</width>
		<height>1920</height>
		<depth>3</depth>
	</size>
	<segmented>0</segmented>
	<object>
		<name>erduo</name>
		<pose>Unspecified</pose>
		<truncated>0</truncated>
		<difficult>0</difficult>
		<bndbox>
			<xmin>190</xmin>
			<ymin>1210</ymin>
			<xmax>254</xmax>
			<ymax>1273</ymax>
		</bndbox>
	</object>
	<object>
		<name>erduo</name>
		<pose>Unspecified</pose>
		<truncated>0</truncated>
		<difficult>0</difficult>
		<bndbox>
			<xmin>224</xmin>
			<ymin>1051</ymin>
			<xmax>280</xmax>
			<ymax>1095</ymax>
		</bndbox>
	</object>
	<object>
		<name>erduo</name>
		<pose>Unspecified</pose>
		<truncated>0</truncated>
		<difficult>0</difficult>
		<bndbox>
			<xmin>1385</xmin>
			<ymin>366</ymin>
			<xmax>1437</xmax>
			<ymax>407</ymax>
		</bndbox>
	</object>
	<object>
		<name>erduo</name>
		<pose>Unspecified</pose>
		<truncated>0</truncated>
		<difficult>0</difficult>
		<bndbox>
			<xmin>1237</xmin>
			<ymin>95</ymin>
			<xmax>1302</xmax>
			<ymax>144</ymax>
		</bndbox>
	</object>
	<object>
		<name>erduo</name>
		<pose>Unspecified</pose>
		<truncated>0</truncated>
		<difficult>0</difficult>
		<bndbox>
			<xmin>1365</xmin>
			<ymin>992</ymin>
			<xmax>1402</xmax>
			<ymax>1036</ymax>
		</bndbox>
	</object>
	<object>
		<name>erduo</name>
		<pose>Unspecified</pose>
		<truncated>0</truncated>
		<difficult>0</difficult>
		<bndbox>
			<xmin>1332</xmin>
			<ymin>1218</ymin>
			<xmax>1407</xmax>
			<ymax>1251</ymax>
		</bndbox>
	</object>
	<object>
		<name>erduo</name>
		<pose>Unspecified</pose>
		<truncated>0</truncated>
		<difficult>0</difficult>
		<bndbox>
			<xmin>1299</xmin>
			<ymin>1326</ymin>
			<xmax>1369</xmax>
			<ymax>1359</ymax>
		</bndbox>
	</object>
	<object>
		<name>erduo</name>
		<pose>Unspecified</pose>
		<truncated>0</truncated>
		<difficult>0</difficult>
		<bndbox>
			<xmin>1192</xmin>
			<ymin>1439</ymin>
			<xmax>1253</xmax>
			<ymax>1462</ymax>
		</bndbox>
	</object>
	<object>
		<name>erduo</name>
		<pose>Unspecified</pose>
		<truncated>0</truncated>
		<difficult>0</difficult>
		<bndbox>
			<xmin>1227</xmin>
			<ymin>1143</ymin>
			<xmax>1278</xmax>
			<ymax>1174</ymax>
		</bndbox>
	</object>
	<object>
		<name>erduo</name>
		<pose>Unspecified</pose>
		<truncated>0</truncated>
		<difficult>0</difficult>
		<bndbox>
			<xmin>1665</xmin>
			<ymin>956</ymin>
			<xmax>1724</xmax>
			<ymax>982</ymax>
		</bndbox>
	</object>
	<object>
		<name>erduo</name>
		<pose>Unspecified</pose>
		<truncated>0</truncated>
		<difficult>0</difficult>
		<bndbox>
			<xmin>1084</xmin>
			<ymin>918</ymin>
			<xmax>1147</xmax>
			<ymax>949</ymax>
		</bndbox>
	</object>
	<object>
		<name>erduo</name>
		<pose>Unspecified</pose>
		<truncated>0</truncated>
		<difficult>0</difficult>
		<bndbox>
			<xmin>1863</xmin>
			<ymin>736</ymin>
			<xmax>1906</xmax>
			<ymax>764</ymax>
		</bndbox>
	</object>
	<object>
		<name>erduo</name>
		<pose>Unspecified</pose>
		<truncated>0</truncated>
		<difficult>0</difficult>
		<bndbox>
			<xmin>1107</xmin>
			<ymin>1103</ymin>
			<xmax>1169</xmax>
			<ymax>1138</ymax>
		</bndbox>
	</object>
	<object>
		<name>erduo</name>
		<pose>Unspecified</pose>
		<truncated>0</truncated>
		<difficult>0</difficult>
		<bndbox>
			<xmin>948</xmin>
			<ymin>1398</ymin>
			<xmax>992</xmax>
			<ymax>1430</ymax>
		</bndbox>
	</object>
	<object>
		<name>erduo</name>
		<pose>Unspecified</pose>
		<truncated>0</truncated>
		<difficult>0</difficult>
		<bndbox>
			<xmin>1627</xmin>
			<ymin>1472</ymin>
			<xmax>1669</xmax>
			<ymax>1498</ymax>
		</bndbox>
	</object>
	<object>
		<name>erduo</name>
		<pose>Unspecified</pose>
		<truncated>0</truncated>
		<difficult>0</difficult>
		<bndbox>
			<xmin>1540</xmin>
			<ymin>1546</ymin>
			<xmax>1588</xmax>
			<ymax>1575</ymax>
		</bndbox>
	</object>
	<object>
		<name>erduo</name>
		<pose>Unspecified</pose>
		<truncated>0</truncated>
		<difficult>0</difficult>
		<bndbox>
			<xmin>2181</xmin>
			<ymin>1561</ymin>
			<xmax>2232</xmax>
			<ymax>1603</ymax>
		</bndbox>
	</object>
	<object>
		<name>erduo</name>
		<pose>Unspecified</pose>
		<truncated>0</truncated>
		<difficult>0</difficult>
		<bndbox>
			<xmin>2373</xmin>
			<ymin>1308</ymin>
			<xmax>2432</xmax>
			<ymax>1366</ymax>
		</bndbox>
	</object>
	<object>
		<name>erduo</name>
		<pose>Unspecified</pose>
		<truncated>0</truncated>
		<difficult>0</difficult>
		<bndbox>
			<xmin>2438</xmin>
			<ymin>997</ymin>
			<xmax>2519</xmax>
			<ymax>1123</ymax>
		</bndbox>
	</object>
	<object>
		<name>erduo</name>
		<pose>Unspecified</pose>
		<truncated>0</truncated>
		<difficult>0</difficult>
		<bndbox>
			<xmin>989</xmin>
			<ymin>170</ymin>
			<xmax>1083</xmax>
			<ymax>215</ymax>
		</bndbox>
	</object>
</annotation>