<annotation>
	<filename>J01_2018.06.17 09_02_55.jpg</filename>
	<source>
		<database>Unknown</database>
	</source>
	<size>
		<width>2560</width>
		<height>1920</height>
		<depth>3</depth>
	</size>
	<segmented>0</segmented>
	<object>
		<name>youzi</name>
		<pose>Unspecified</pose>
		<truncated>0</truncated>
		<difficult>0</difficult>
		<bndbox>
			<xmin>1129</xmin>
			<ymin>882</ymin>
			<xmax>1339</xmax>
			<ymax>1168</ymax>
		</bndbox>
	</object>
	<object>
		<name>youzi</name>
		<pose>Unspecified</pose>
		<truncated>0</truncated>
		<difficult>0</difficult>
		<bndbox>
			<xmin>155</xmin>
			<ymin>408</ymin>
			<xmax>1931</xmax>
			<ymax>824</ymax>
		</bndbox>
	</object>
</annotation>