<annotation>
	<filename>J01_2018.06.17 14_37_37.jpg</filename>
	<source>
		<database>Unknown</database>
	</source>
	<size>
		<width>2560</width>
		<height>1920</height>
		<depth>3</depth>
	</size>
	<segmented>0</segmented>
	<object>
		<name>diaogong</name>
		<pose>Unspecified</pose>
		<truncated>0</truncated>
		<difficult>0</difficult>
		<bndbox>
			<xmin>1785</xmin>
			<ymin>24</ymin>
			<xmax>1855</xmax>
			<ymax>1003</ymax>
		</bndbox>
	</object>
	<object>
		<name>zhixi</name>
		<pose>Unspecified</pose>
		<truncated>0</truncated>
		<difficult>0</difficult>
		<bndbox>
			<xmin>1017</xmin>
			<ymin>770</ymin>
			<xmax>1464</xmax>
			<ymax>873</ymax>
		</bndbox>
	</object>
</annotation>