<annotation>
	<filename>J01_2018.06.17 13_21_29.jpg</filename>
	<source>
		<database>Unknown</database>
	</source>
	<size>
		<width>2560</width>
		<height>1920</height>
		<depth>3</depth>
	</size>
	<segmented>0</segmented>
	<object>
		<name>tiaohua</name>
		<pose>Unspecified</pose>
		<truncated>0</truncated>
		<difficult>0</difficult>
		<bndbox>
			<xmin>1100</xmin>
			<ymin>291</ymin>
			<xmax>1169</xmax>
			<ymax>536</ymax>
		</bndbox>
	</object>
	<object>
		<name>tiaohua</name>
		<pose>Unspecified</pose>
		<truncated>0</truncated>
		<difficult>0</difficult>
		<bndbox>
			<xmin>1086</xmin>
			<ymin>775</ymin>
			<xmax>1155</xmax>
			<ymax>1259</ymax>
		</bndbox>
	</object>
	<object>
		<name>tiaohua</name>
		<pose>Unspecified</pose>
		<truncated>0</truncated>
		<difficult>0</difficult>
		<bndbox>
			<xmin>1082</xmin>
			<ymin>1321</ymin>
			<xmax>1119</xmax>
			<ymax>1363</ymax>
		</bndbox>
	</object>
	<object>
		<name>tiaohua</name>
		<pose>Unspecified</pose>
		<truncated>0</truncated>
		<difficult>0</difficult>
		<bndbox>
			<xmin>1069</xmin>
			<ymin>1712</ymin>
			<xmax>1142</xmax>
			<ymax>1913</ymax>
		</bndbox>
	</object>
</annotation>