<annotation>
	<filename>J01_2018.06.19 08_37_24.jpg</filename>
	<source>
		<database>Unknown</database>
	</source>
	<size>
		<width>2560</width>
		<height>1920</height>
		<depth>3</depth>
	</size>
	<segmented>0</segmented>
	<object>
		<name>wuzi</name>
		<pose>Unspecified</pose>
		<truncated>0</truncated>
		<difficult>0</difficult>
		<bndbox>
			<xmin>260</xmin>
			<ymin>736</ymin>
			<xmax>350</xmax>
			<ymax>837</ymax>
		</bndbox>
	</object>
	<object>
		<name>wuzi</name>
		<pose>Unspecified</pose>
		<truncated>0</truncated>
		<difficult>0</difficult>
		<bndbox>
			<xmin>227</xmin>
			<ymin>1144</ymin>
			<xmax>368</xmax>
			<ymax>1331</ymax>
		</bndbox>
	</object>
</annotation>