<annotation>
	<filename>J01_2018.06.13 14_22_01.jpg</filename>
	<source>
		<database>Unknown</database>
	</source>
	<size>
		<width>2560</width>
		<height>1920</height>
		<depth>3</depth>
	</size>
	<segmented>0</segmented>
	<object>
		<name>zhengneyin</name>
		<pose>Unspecified</pose>
		<truncated>0</truncated>
		<difficult>0</difficult>
		<bndbox>
			<xmin>993</xmin>
			<ymin>34</ymin>
			<xmax>1135</xmax>
			<ymax>897</ymax>
		</bndbox>
	</object>
	<object>
		<name>zhengneyin</name>
		<pose>Unspecified</pose>
		<truncated>0</truncated>
		<difficult>0</difficult>
		<bndbox>
			<xmin>922</xmin>
			<ymin>997</ymin>
			<xmax>1066</xmax>
			<ymax>1724</ymax>
		</bndbox>
	</object>
</annotation>