<annotation>
	<filename>J01_2018.06.19 10_25_31.jpg</filename>
	<source>
		<database>Unknown</database>
	</source>
	<size>
		<width>2560</width>
		<height>1920</height>
		<depth>3</depth>
	</size>
	<segmented>0</segmented>
	<object>
		<name>diaowei</name>
		<pose>Unspecified</pose>
		<truncated>0</truncated>
		<difficult>0</difficult>
		<bndbox>
			<xmin>576</xmin>
			<ymin>878</ymin>
			<xmax>1721</xmax>
			<ymax>933</ymax>
		</bndbox>
	</object>
	<object>
		<name>diaojing</name>
		<pose>Unspecified</pose>
		<truncated>0</truncated>
		<difficult>0</difficult>
		<bndbox>
			<xmin>2246</xmin>
			<ymin>532</ymin>
			<xmax>2302</xmax>
			<ymax>1177</ymax>
		</bndbox>
	</object>
</annotation>