<annotation>
	<filename>J01_2018.06.17 15_29_01.jpg</filename>
	<source>
		<database>Unknown</database>
	</source>
	<size>
		<width>2560</width>
		<height>1920</height>
		<depth>3</depth>
	</size>
	<segmented>0</segmented>
	<object>
		<name>huangzi</name>
		<pose>Unspecified</pose>
		<truncated>0</truncated>
		<difficult>0</difficult>
		<bndbox>
			<xmin>1143</xmin>
			<ymin>366</ymin>
			<xmax>1249</xmax>
			<ymax>448</ymax>
		</bndbox>
	</object>
	<object>
		<name>huangzi</name>
		<pose>Unspecified</pose>
		<truncated>0</truncated>
		<difficult>0</difficult>
		<bndbox>
			<xmin>894</xmin>
			<ymin>302</ymin>
			<xmax>992</xmax>
			<ymax>438</ymax>
		</bndbox>
	</object>
	<object>
		<name>huangzi</name>
		<pose>Unspecified</pose>
		<truncated>0</truncated>
		<difficult>0</difficult>
		<bndbox>
			<xmin>364</xmin>
			<ymin>399</ymin>
			<xmax>486</xmax>
			<ymax>506</ymax>
		</bndbox>
	</object>
	<object>
		<name>huangzi</name>
		<pose>Unspecified</pose>
		<truncated>0</truncated>
		<difficult>0</difficult>
		<bndbox>
			<xmin>796</xmin>
			<ymin>131</ymin>
			<xmax>944</xmax>
			<ymax>223</ymax>
		</bndbox>
	</object>
</annotation>