<annotation>
	<filename>J01_2018.06.17 14_27_55.jpg</filename>
	<source>
		<database>Unknown</database>
	</source>
	<size>
		<width>2560</width>
		<height>1920</height>
		<depth>3</depth>
	</size>
	<segmented>0</segmented>
	<object>
		<name>diaojing</name>
		<pose>Unspecified</pose>
		<truncated>0</truncated>
		<difficult>0</difficult>
		<bndbox>
			<xmin>1133</xmin>
			<ymin>158</ymin>
			<xmax>1197</xmax>
			<ymax>1838</ymax>
		</bndbox>
	</object>
	<object>
		<name>diaojing</name>
		<pose>Unspecified</pose>
		<truncated>0</truncated>
		<difficult>0</difficult>
		<bndbox>
			<xmin>1061</xmin>
			<ymin>750</ymin>
			<xmax>1117</xmax>
			<ymax>1110</ymax>
		</bndbox>
	</object>
</annotation>