<annotation>
	<filename>J01_2018.06.17 13_56_05.jpg</filename>
	<source>
		<database>Unknown</database>
	</source>
	<size>
		<width>2560</width>
		<height>1920</height>
		<depth>3</depth>
	</size>
	<segmented>0</segmented>
	<object>
		<name>wuzi</name>
		<pose>Unspecified</pose>
		<truncated>0</truncated>
		<difficult>0</difficult>
		<bndbox>
			<xmin>423</xmin>
			<ymin>36</ymin>
			<xmax>1185</xmax>
			<ymax>628</ymax>
		</bndbox>
	</object>
	<object>
		<name>wuzi</name>
		<pose>Unspecified</pose>
		<truncated>0</truncated>
		<difficult>0</difficult>
		<bndbox>
			<xmin>1465</xmin>
			<ymin>426</ymin>
			<xmax>1845</xmax>
			<ymax>1060</ymax>
		</bndbox>
	</object>
	<object>
		<name>wuzi</name>
		<pose>Unspecified</pose>
		<truncated>0</truncated>
		<difficult>0</difficult>
		<bndbox>
			<xmin>2121</xmin>
			<ymin>698</ymin>
			<xmax>2511</xmax>
			<ymax>1446</ymax>
		</bndbox>
	</object>
</annotation>