<annotation>
	<filename>J01_2018.06.17 13_56_56.jpg</filename>
	<source>
		<database>Unknown</database>
	</source>
	<size>
		<width>2560</width>
		<height>1920</height>
		<depth>3</depth>
	</size>
	<segmented>0</segmented>
	<object>
		<name>youzi</name>
		<pose>Unspecified</pose>
		<truncated>0</truncated>
		<difficult>0</difficult>
		<bndbox>
			<xmin>538</xmin>
			<ymin>302</ymin>
			<xmax>1104</xmax>
			<ymax>462</ymax>
		</bndbox>
	</object>
	<object>
		<name>youzi</name>
		<pose>Unspecified</pose>
		<truncated>0</truncated>
		<difficult>0</difficult>
		<bndbox>
			<xmin>363</xmin>
			<ymin>561</ymin>
			<xmax>542</xmax>
			<ymax>839</ymax>
		</bndbox>
	</object>
	<object>
		<name>youzi</name>
		<pose>Unspecified</pose>
		<truncated>0</truncated>
		<difficult>0</difficult>
		<bndbox>
			<xmin>236</xmin>
			<ymin>221</ymin>
			<xmax>493</xmax>
			<ymax>522</ymax>
		</bndbox>
	</object>
</annotation>