<annotation>
	<filename>J01_2018.06.17 15_01_46.jpg</filename>
	<source>
		<database>Unknown</database>
	</source>
	<size>
		<width>2560</width>
		<height>1920</height>
		<depth>3</depth>
	</size>
	<segmented>0</segmented>
	<object>
		<name>wuzi</name>
		<pose>Unspecified</pose>
		<truncated>0</truncated>
		<difficult>0</difficult>
		<bndbox>
			<xmin>143</xmin>
			<ymin>474</ymin>
			<xmax>681</xmax>
			<ymax>784</ymax>
		</bndbox>
	</object>
	<object>
		<name>wuzi</name>
		<pose>Unspecified</pose>
		<truncated>0</truncated>
		<difficult>0</difficult>
		<bndbox>
			<xmin>1883</xmin>
			<ymin>1254</ymin>
			<xmax>2273</xmax>
			<ymax>1582</ymax>
		</bndbox>
	</object>
</annotation>