<annotation>
	<filename>J01_2018.06.16 09_33_23.jpg</filename>
	<source>
		<database>Unknown</database>
	</source>
	<size>
		<width>2560</width>
		<height>1920</height>
		<depth>3</depth>
	</size>
	<segmented>0</segmented>
	<object>
		<name>shuangsha</name>
		<pose>Unspecified</pose>
		<truncated>0</truncated>
		<difficult>0</difficult>
		<bndbox>
			<xmin>1335</xmin>
			<ymin>1311</ymin>
			<xmax>2404</xmax>
			<ymax>1369</ymax>
		</bndbox>
	</object>
	<object>
		<name>quewei</name>
		<pose>Unspecified</pose>
		<truncated>0</truncated>
		<difficult>0</difficult>
		<bndbox>
			<xmin>2091</xmin>
			<ymin>521</ymin>
			<xmax>2391</xmax>
			<ymax>559</ymax>
		</bndbox>
	</object>
	<object>
		<name>quewei</name>
		<pose>Unspecified</pose>
		<truncated>0</truncated>
		<difficult>0</difficult>
		<bndbox>
			<xmin>2074</xmin>
			<ymin>416</ymin>
			<xmax>2378</xmax>
			<ymax>470</ymax>
		</bndbox>
	</object>
	<object>
		<name>quewei</name>
		<pose>Unspecified</pose>
		<truncated>0</truncated>
		<difficult>0</difficult>
		<bndbox>
			<xmin>2153</xmin>
			<ymin>1085</ymin>
			<xmax>2411</xmax>
			<ymax>1119</ymax>
		</bndbox>
	</object>
</annotation>