<annotation>
	<filename>J01_2018.06.17 15_11_07.jpg</filename>
	<source>
		<database>Unknown</database>
	</source>
	<size>
		<width>2560</width>
		<height>1920</height>
		<depth>3</depth>
	</size>
	<segmented>0</segmented>
	<object>
		<name>zhixi</name>
		<pose>Unspecified</pose>
		<truncated>0</truncated>
		<difficult>0</difficult>
		<bndbox>
			<xmin>1445</xmin>
			<ymin>188</ymin>
			<xmax>2288</xmax>
			<ymax>301</ymax>
		</bndbox>
	</object>
	<object>
		<name>zhixi</name>
		<pose>Unspecified</pose>
		<truncated>0</truncated>
		<difficult>0</difficult>
		<bndbox>
			<xmin>2144</xmin>
			<ymin>606</ymin>
			<xmax>2349</xmax>
			<ymax>663</ymax>
		</bndbox>
	</object>
</annotation>