<annotation>
	<filename>J01_2018.06.19 08_49_03.jpg</filename>
	<source>
		<database>Unknown</database>
	</source>
	<size>
		<width>2560</width>
		<height>1920</height>
		<depth>3</depth>
	</size>
	<segmented>0</segmented>
	<object>
		<name>tiaohua</name>
		<pose>Unspecified</pose>
		<truncated>0</truncated>
		<difficult>0</difficult>
		<bndbox>
			<xmin>237</xmin>
			<ymin>394</ymin>
			<xmax>324</xmax>
			<ymax>493</ymax>
		</bndbox>
	</object>
	<object>
		<name>tiaohua</name>
		<pose>Unspecified</pose>
		<truncated>0</truncated>
		<difficult>0</difficult>
		<bndbox>
			<xmin>1205</xmin>
			<ymin>314</ymin>
			<xmax>1303</xmax>
			<ymax>396</ymax>
		</bndbox>
	</object>
</annotation>