<annotation>
	<filename>J01_2018.06.19 14_50_47.jpg</filename>
	<source>
		<database>Unknown</database>
	</source>
	<size>
		<width>2560</width>
		<height>1920</height>
		<depth>3</depth>
	</size>
	<segmented>0</segmented>
	<object>
		<name>cadong</name>
		<pose>Unspecified</pose>
		<truncated>0</truncated>
		<difficult>0</difficult>
		<bndbox>
			<xmin>1293</xmin>
			<ymin>562</ymin>
			<xmax>1415</xmax>
			<ymax>704</ymax>
		</bndbox>
	</object>
	<object>
		<name>cadong</name>
		<pose>Unspecified</pose>
		<truncated>0</truncated>
		<difficult>0</difficult>
		<bndbox>
			<xmin>1441</xmin>
			<ymin>246</ymin>
			<xmax>1581</xmax>
			<ymax>378</ymax>
		</bndbox>
	</object>
</annotation>