<annotation>
	<filename>J01_2018.06.16 09_17_00.jpg</filename>
	<source>
		<database>Unknown</database>
	</source>
	<size>
		<width>2560</width>
		<height>1920</height>
		<depth>3</depth>
	</size>
	<segmented>0</segmented>
	<object>
		<name>quewei</name>
		<pose>Unspecified</pose>
		<truncated>0</truncated>
		<difficult>0</difficult>
		<bndbox>
			<xmin>335</xmin>
			<ymin>618</ymin>
			<xmax>724</xmax>
			<ymax>672</ymax>
		</bndbox>
	</object>
	<object>
		<name>quewei</name>
		<pose>Unspecified</pose>
		<truncated>0</truncated>
		<difficult>0</difficult>
		<bndbox>
			<xmin>351</xmin>
			<ymin>875</ymin>
			<xmax>597</xmax>
			<ymax>962</ymax>
		</bndbox>
	</object>
	<object>
		<name>quewei</name>
		<pose>Unspecified</pose>
		<truncated>0</truncated>
		<difficult>0</difficult>
		<bndbox>
			<xmin>325</xmin>
			<ymin>290</ymin>
			<xmax>1199</xmax>
			<ymax>387</ymax>
		</bndbox>
	</object>
	<object>
		<name>quewei</name>
		<pose>Unspecified</pose>
		<truncated>0</truncated>
		<difficult>0</difficult>
		<bndbox>
			<xmin>335</xmin>
			<ymin>503</ymin>
			<xmax>745</xmax>
			<ymax>543</ymax>
		</bndbox>
	</object>
	<object>
		<name>quewei</name>
		<pose>Unspecified</pose>
		<truncated>0</truncated>
		<difficult>0</difficult>
		<bndbox>
			<xmin>331</xmin>
			<ymin>428</ymin>
			<xmax>884</xmax>
			<ymax>476</ymax>
		</bndbox>
	</object>
	<object>
		<name>quewei</name>
		<pose>Unspecified</pose>
		<truncated>0</truncated>
		<difficult>0</difficult>
		<bndbox>
			<xmin>338</xmin>
			<ymin>698</ymin>
			<xmax>537</xmax>
			<ymax>748</ymax>
		</bndbox>
	</object>
	<object>
		<name>quewei</name>
		<pose>Unspecified</pose>
		<truncated>0</truncated>
		<difficult>0</difficult>
		<bndbox>
			<xmin>368</xmin>
			<ymin>1052</ymin>
			<xmax>540</xmax>
			<ymax>1126</ymax>
		</bndbox>
	</object>
	<object>
		<name>quewei</name>
		<pose>Unspecified</pose>
		<truncated>0</truncated>
		<difficult>0</difficult>
		<bndbox>
			<xmin>372</xmin>
			<ymin>1210</ymin>
			<xmax>673</xmax>
			<ymax>1252</ymax>
		</bndbox>
	</object>
	<object>
		<name>quewei</name>
		<pose>Unspecified</pose>
		<truncated>0</truncated>
		<difficult>0</difficult>
		<bndbox>
			<xmin>384</xmin>
			<ymin>1312</ymin>
			<xmax>1227</xmax>
			<ymax>1359</ymax>
		</bndbox>
	</object>
	<object>
		<name>quewei</name>
		<pose>Unspecified</pose>
		<truncated>0</truncated>
		<difficult>0</difficult>
		<bndbox>
			<xmin>382</xmin>
			<ymin>1384</ymin>
			<xmax>793</xmax>
			<ymax>1427</ymax>
		</bndbox>
	</object>
</annotation>