<annotation>
	<filename>J01_2018.06.19 08_36_10.jpg</filename>
	<source>
		<database>Unknown</database>
	</source>
	<size>
		<width>2560</width>
		<height>1920</height>
		<depth>3</depth>
	</size>
	<segmented>0</segmented>
	<object>
		<name>cadong</name>
		<pose>Unspecified</pose>
		<truncated>0</truncated>
		<difficult>0</difficult>
		<bndbox>
			<xmin>1847</xmin>
			<ymin>696</ymin>
			<xmax>1947</xmax>
			<ymax>808</ymax>
		</bndbox>
	</object>
	<object>
		<name>cadong</name>
		<pose>Unspecified</pose>
		<truncated>0</truncated>
		<difficult>0</difficult>
		<bndbox>
			<xmin>2291</xmin>
			<ymin>560</ymin>
			<xmax>2389</xmax>
			<ymax>682</ymax>
		</bndbox>
	</object>
</annotation>