<annotation>
	<filename>J01_2018.06.13 14_56_32.jpg</filename>
	<source>
		<database>Unknown</database>
	</source>
	<size>
		<width>2560</width>
		<height>1920</height>
		<depth>3</depth>
	</size>
	<segmented>0</segmented>
	<object>
		<name>zhengneyin</name>
		<pose>Unspecified</pose>
		<truncated>0</truncated>
		<difficult>0</difficult>
		<bndbox>
			<xmin>445</xmin>
			<ymin>1152</ymin>
			<xmax>922</xmax>
			<ymax>1656</ymax>
		</bndbox>
	</object>
	<object>
		<name>zhengneyin</name>
		<pose>Unspecified</pose>
		<truncated>0</truncated>
		<difficult>0</difficult>
		<bndbox>
			<xmin>257</xmin>
			<ymin>221</ymin>
			<xmax>769</xmax>
			<ymax>336</ymax>
		</bndbox>
	</object>
	<object>
		<name>zhengneyin</name>
		<pose>Unspecified</pose>
		<truncated>0</truncated>
		<difficult>0</difficult>
		<bndbox>
			<xmin>85</xmin>
			<ymin>852</ymin>
			<xmax>180</xmax>
			<ymax>1023</ymax>
		</bndbox>
	</object>
</annotation>