<annotation>
	<filename>J01_2018.06.17 15_03_38.jpg</filename>
	<source>
		<database>Unknown</database>
	</source>
	<size>
		<width>2560</width>
		<height>1920</height>
		<depth>3</depth>
	</size>
	<segmented>0</segmented>
	<object>
		<name>huangzi</name>
		<pose>Unspecified</pose>
		<truncated>0</truncated>
		<difficult>0</difficult>
		<bndbox>
			<xmin>1199</xmin>
			<ymin>904</ymin>
			<xmax>1457</xmax>
			<ymax>1230</ymax>
		</bndbox>
	</object>
	<object>
		<name>huangzi</name>
		<pose>Unspecified</pose>
		<truncated>0</truncated>
		<difficult>0</difficult>
		<bndbox>
			<xmin>1811</xmin>
			<ymin>808</ymin>
			<xmax>2387</xmax>
			<ymax>1348</ymax>
		</bndbox>
	</object>
</annotation>