<annotation>
	<filename>J01_2018.06.17 13_47_50.jpg</filename>
	<source>
		<database>Unknown</database>
	</source>
	<size>
		<width>2560</width>
		<height>1920</height>
		<depth>3</depth>
	</size>
	<segmented>0</segmented>
	<object>
		<name>podong</name>
		<pose>Unspecified</pose>
		<truncated>0</truncated>
		<difficult>0</difficult>
		<bndbox>
			<xmin>1681</xmin>
			<ymin>746</ymin>
			<xmax>2139</xmax>
			<ymax>1088</ymax>
		</bndbox>
	</object>
	<object>
		<name>podong</name>
		<pose>Unspecified</pose>
		<truncated>0</truncated>
		<difficult>0</difficult>
		<bndbox>
			<xmin>1165</xmin>
			<ymin>566</ymin>
			<xmax>1369</xmax>
			<ymax>1072</ymax>
		</bndbox>
	</object>
	<object>
		<name>podong</name>
		<pose>Unspecified</pose>
		<truncated>0</truncated>
		<difficult>0</difficult>
		<bndbox>
			<xmin>413</xmin>
			<ymin>576</ymin>
			<xmax>589</xmax>
			<ymax>1068</ymax>
		</bndbox>
	</object>
</annotation>