<annotation>
	<filename>J01_2018.06.20 08_53_32.jpg</filename>
	<source>
		<database>Unknown</database>
	</source>
	<size>
		<width>2560</width>
		<height>1920</height>
		<depth>3</depth>
	</size>
	<segmented>0</segmented>
	<object>
		<name>zhixi</name>
		<pose>Unspecified</pose>
		<truncated>0</truncated>
		<difficult>0</difficult>
		<bndbox>
			<xmin>757</xmin>
			<ymin>989</ymin>
			<xmax>2559</xmax>
			<ymax>1096</ymax>
		</bndbox>
	</object>
	<object>
		<name>diaowei</name>
		<pose>Unspecified</pose>
		<truncated>0</truncated>
		<difficult>0</difficult>
		<bndbox>
			<xmin>6</xmin>
			<ymin>642</ymin>
			<xmax>290</xmax>
			<ymax>695</ymax>
		</bndbox>
	</object>
</annotation>