<annotation>
	<filename>J01_2018.06.13 14_00_46.jpg</filename>
	<source>
		<database>Unknown</database>
	</source>
	<size>
		<width>2560</width>
		<height>1920</height>
		<depth>3</depth>
	</size>
	<segmented>0</segmented>
	<object>
		<name>cashang</name>
		<pose>Unspecified</pose>
		<truncated>0</truncated>
		<difficult>0</difficult>
		<bndbox>
			<xmin>925</xmin>
			<ymin>1156</ymin>
			<xmax>1171</xmax>
			<ymax>1277</ymax>
		</bndbox>
	</object>
	<object>
		<name>cashang</name>
		<pose>Unspecified</pose>
		<truncated>0</truncated>
		<difficult>0</difficult>
		<bndbox>
			<xmin>526</xmin>
			<ymin>1680</ymin>
			<xmax>865</xmax>
			<ymax>1797</ymax>
		</bndbox>
	</object>
	<object>
		<name>cashang</name>
		<pose>Unspecified</pose>
		<truncated>0</truncated>
		<difficult>0</difficult>
		<bndbox>
			<xmin>1680</xmin>
			<ymin>1259</ymin>
			<xmax>2447</xmax>
			<ymax>1611</ymax>
		</bndbox>
	</object>
</annotation>