<annotation>
	<filename>J01_2018.06.20 15_22_17.jpg</filename>
	<source>
		<database>Unknown</database>
	</source>
	<size>
		<width>2560</width>
		<height>1920</height>
		<depth>1</depth>
	</size>
	<segmented>0</segmented>
	<object>
		<name>youzi</name>
		<pose>Unspecified</pose>
		<truncated>0</truncated>
		<difficult>0</difficult>
		<bndbox>
			<xmin>1230</xmin>
			<ymin>715</ymin>
			<xmax>1603</xmax>
			<ymax>1310</ymax>
		</bndbox>
	</object>
	<object>
		<name>youzi</name>
		<pose>Unspecified</pose>
		<truncated>0</truncated>
		<difficult>0</difficult>
		<bndbox>
			<xmin>1625</xmin>
			<ymin>1500</ymin>
			<xmax>2020</xmax>
			<ymax>1888</ymax>
		</bndbox>
	</object>
</annotation>