<annotation>
	<filename>J01_2018.06.19 08_47_06.jpg</filename>
	<source>
		<database>Unknown</database>
	</source>
	<size>
		<width>2560</width>
		<height>1920</height>
		<depth>3</depth>
	</size>
	<segmented>0</segmented>
	<object>
		<name>yuanzhubiyin</name>
		<pose>Unspecified</pose>
		<truncated>0</truncated>
		<difficult>0</difficult>
		<bndbox>
			<xmin>1336</xmin>
			<ymin>26</ymin>
			<xmax>1503</xmax>
			<ymax>229</ymax>
		</bndbox>
	</object>
	<object>
		<name>yuanzhubiyin</name>
		<pose>Unspecified</pose>
		<truncated>0</truncated>
		<difficult>0</difficult>
		<bndbox>
			<xmin>1121</xmin>
			<ymin>14</ymin>
			<xmax>1149</xmax>
			<ymax>434</ymax>
		</bndbox>
	</object>
	<object>
		<name>yuanzhubiyin</name>
		<pose>Unspecified</pose>
		<truncated>1</truncated>
		<difficult>0</difficult>
		<bndbox>
			<xmin>703</xmin>
			<ymin>1</ymin>
			<xmax>777</xmax>
			<ymax>466</ymax>
		</bndbox>
	</object>
</annotation>