<annotation>
	<filename>J01_2018.06.16 09_05_22.jpg</filename>
	<source>
		<database>Unknown</database>
	</source>
	<size>
		<width>2560</width>
		<height>1920</height>
		<depth>3</depth>
	</size>
	<segmented>0</segmented>
	<object>
		<name>huanshayin</name>
		<pose>Unspecified</pose>
		<truncated>0</truncated>
		<difficult>0</difficult>
		<bndbox>
			<xmin>1323</xmin>
			<ymin>54</ymin>
			<xmax>1412</xmax>
			<ymax>1006</ymax>
		</bndbox>
	</object>
	<object>
		<name>huanshayin</name>
		<pose>Unspecified</pose>
		<truncated>0</truncated>
		<difficult>0</difficult>
		<bndbox>
			<xmin>1381</xmin>
			<ymin>1501</ymin>
			<xmax>1444</xmax>
			<ymax>1906</ymax>
		</bndbox>
	</object>
</annotation>