<annotation>
	<filename>J01_2018.06.20 08_43_24.jpg</filename>
	<source>
		<database>Unknown</database>
	</source>
	<size>
		<width>2560</width>
		<height>1920</height>
		<depth>3</depth>
	</size>
	<segmented>0</segmented>
	<object>
		<name>erduo</name>
		<pose>Unspecified</pose>
		<truncated>0</truncated>
		<difficult>0</difficult>
		<bndbox>
			<xmin>1132</xmin>
			<ymin>656</ymin>
			<xmax>1242</xmax>
			<ymax>739</ymax>
		</bndbox>
	</object>
	<object>
		<name>erduo</name>
		<pose>Unspecified</pose>
		<truncated>0</truncated>
		<difficult>0</difficult>
		<bndbox>
			<xmin>1996</xmin>
			<ymin>673</ymin>
			<xmax>2096</xmax>
			<ymax>741</ymax>
		</bndbox>
	</object>
</annotation>