<annotation>
	<filename>J01_2018.06.17 14_59_55.jpg</filename>
	<source>
		<database>Unknown</database>
	</source>
	<size>
		<width>2560</width>
		<height>1920</height>
		<depth>3</depth>
	</size>
	<segmented>0</segmented>
	<object>
		<name>huangzi</name>
		<pose>Unspecified</pose>
		<truncated>0</truncated>
		<difficult>0</difficult>
		<bndbox>
			<xmin>1910</xmin>
			<ymin>1153</ymin>
			<xmax>2262</xmax>
			<ymax>1781</ymax>
		</bndbox>
	</object>
	<object>
		<name>huangzi</name>
		<pose>Unspecified</pose>
		<truncated>0</truncated>
		<difficult>0</difficult>
		<bndbox>
			<xmin>1007</xmin>
			<ymin>1216</ymin>
			<xmax>1762</xmax>
			<ymax>1720</ymax>
		</bndbox>
	</object>
	<object>
		<name>huangzi</name>
		<pose>Unspecified</pose>
		<truncated>0</truncated>
		<difficult>0</difficult>
		<bndbox>
			<xmin>574</xmin>
			<ymin>1388</ymin>
			<xmax>742</xmax>
			<ymax>1913</ymax>
		</bndbox>
	</object>
	<object>
		<name>huangzi</name>
		<pose>Unspecified</pose>
		<truncated>0</truncated>
		<difficult>0</difficult>
		<bndbox>
			<xmin>901</xmin>
			<ymin>313</ymin>
			<xmax>1000</xmax>
			<ymax>410</ymax>
		</bndbox>
	</object>
</annotation>