<annotation>
	<filename>J01_2018.06.17 15_07_12.jpg</filename>
	<source>
		<database>Unknown</database>
	</source>
	<size>
		<width>2560</width>
		<height>1920</height>
		<depth>3</depth>
	</size>
	<segmented>0</segmented>
	<object>
		<name>maoban</name>
		<pose>Unspecified</pose>
		<truncated>0</truncated>
		<difficult>0</difficult>
		<bndbox>
			<xmin>1267</xmin>
			<ymin>578</ymin>
			<xmax>1417</xmax>
			<ymax>768</ymax>
		</bndbox>
	</object>
	<object>
		<name>maoban</name>
		<pose>Unspecified</pose>
		<truncated>0</truncated>
		<difficult>0</difficult>
		<bndbox>
			<xmin>1649</xmin>
			<ymin>490</ymin>
			<xmax>1737</xmax>
			<ymax>582</ymax>
		</bndbox>
	</object>
</annotation>