<annotation>
	<filename>J01_2018.06.17 15_06_03.jpg</filename>
	<source>
		<database>Unknown</database>
	</source>
	<size>
		<width>2560</width>
		<height>1920</height>
		<depth>3</depth>
	</size>
	<segmented>0</segmented>
	<object>
		<name>quewei</name>
		<pose>Unspecified</pose>
		<truncated>0</truncated>
		<difficult>0</difficult>
		<bndbox>
			<xmin>342</xmin>
			<ymin>473</ymin>
			<xmax>1469</xmax>
			<ymax>542</ymax>
		</bndbox>
	</object>
	<object>
		<name>quewei</name>
		<pose>Unspecified</pose>
		<truncated>0</truncated>
		<difficult>0</difficult>
		<bndbox>
			<xmin>370</xmin>
			<ymin>304</ymin>
			<xmax>1031</xmax>
			<ymax>369</ymax>
		</bndbox>
	</object>
	<object>
		<name>quewei</name>
		<pose>Unspecified</pose>
		<truncated>0</truncated>
		<difficult>0</difficult>
		<bndbox>
			<xmin>358</xmin>
			<ymin>205</ymin>
			<xmax>1079</xmax>
			<ymax>238</ymax>
		</bndbox>
	</object>
</annotation>