<annotation>
	<filename>J01_2018.06.20 14_34_45.jpg</filename>
	<source>
		<database>Unknown</database>
	</source>
	<size>
		<width>2560</width>
		<height>1920</height>
		<depth>3</depth>
	</size>
	<segmented>0</segmented>
	<object>
		<name>bianzhenyan</name>
		<pose>Unspecified</pose>
		<truncated>0</truncated>
		<difficult>0</difficult>
		<bndbox>
			<xmin>214</xmin>
			<ymin>402</ymin>
			<xmax>255</xmax>
			<ymax>452</ymax>
		</bndbox>
	</object>
	<object>
		<name>bianzhenyan</name>
		<pose>Unspecified</pose>
		<truncated>0</truncated>
		<difficult>0</difficult>
		<bndbox>
			<xmin>190</xmin>
			<ymin>593</ymin>
			<xmax>254</xmax>
			<ymax>635</ymax>
		</bndbox>
	</object>
	<object>
		<name>bianzhenyan</name>
		<pose>Unspecified</pose>
		<truncated>0</truncated>
		<difficult>0</difficult>
		<bndbox>
			<xmin>190</xmin>
			<ymin>703</ymin>
			<xmax>241</xmax>
			<ymax>824</ymax>
		</bndbox>
	</object>
	<object>
		<name>bianzhenyan</name>
		<pose>Unspecified</pose>
		<truncated>0</truncated>
		<difficult>0</difficult>
		<bndbox>
			<xmin>199</xmin>
			<ymin>1063</ymin>
			<xmax>256</xmax>
			<ymax>1345</ymax>
		</bndbox>
	</object>
</annotation>