<annotation>
	<filename>J01_2018.06.13 13_53_54.jpg</filename>
	<source>
		<database>Unknown</database>
	</source>
	<size>
		<width>2560</width>
		<height>1920</height>
		<depth>3</depth>
	</size>
	<segmented>0</segmented>
	<object>
		<name>youzi</name>
		<pose>Unspecified</pose>
		<truncated>0</truncated>
		<difficult>0</difficult>
		<bndbox>
			<xmin>1113</xmin>
			<ymin>812</ymin>
			<xmax>1598</xmax>
			<ymax>1273</ymax>
		</bndbox>
	</object>
	<object>
		<name>xianyin</name>
		<pose>Unspecified</pose>
		<truncated>0</truncated>
		<difficult>0</difficult>
		<bndbox>
			<xmin>918</xmin>
			<ymin>427</ymin>
			<xmax>1003</xmax>
			<ymax>546</ymax>
		</bndbox>
	</object>
	<object>
		<name>xianyin</name>
		<pose>Unspecified</pose>
		<truncated>0</truncated>
		<difficult>0</difficult>
		<bndbox>
			<xmin>1059</xmin>
			<ymin>436</ymin>
			<xmax>1132</xmax>
			<ymax>515</ymax>
		</bndbox>
	</object>
</annotation>