<annotation>
	<filename>J01_2018.06.13 14_20_28.jpg</filename>
	<source>
		<database>Unknown</database>
	</source>
	<size>
		<width>2560</width>
		<height>1920</height>
		<depth>3</depth>
	</size>
	<segmented>0</segmented>
	<object>
		<name>zhadong</name>
		<pose>Unspecified</pose>
		<truncated>0</truncated>
		<difficult>0</difficult>
		<bndbox>
			<xmin>2235</xmin>
			<ymin>1132</ymin>
			<xmax>2300</xmax>
			<ymax>1446</ymax>
		</bndbox>
	</object>
	<object>
		<name>zhadong</name>
		<pose>Unspecified</pose>
		<truncated>0</truncated>
		<difficult>0</difficult>
		<bndbox>
			<xmin>2230</xmin>
			<ymin>675</ymin>
			<xmax>2322</xmax>
			<ymax>946</ymax>
		</bndbox>
	</object>
	<object>
		<name>zhadong</name>
		<pose>Unspecified</pose>
		<truncated>0</truncated>
		<difficult>0</difficult>
		<bndbox>
			<xmin>2171</xmin>
			<ymin>161</ymin>
			<xmax>2286</xmax>
			<ymax>610</ymax>
		</bndbox>
	</object>
</annotation>