<annotation>
	<filename>J01_2018.06.16 08_49_07.jpg</filename>
	<source>
		<database>Unknown</database>
	</source>
	<size>
		<width>2560</width>
		<height>1920</height>
		<depth>3</depth>
	</size>
	<segmented>0</segmented>
	<object>
		<name>cadong</name>
		<pose>Unspecified</pose>
		<truncated>0</truncated>
		<difficult>0</difficult>
		<bndbox>
			<xmin>1254</xmin>
			<ymin>888</ymin>
			<xmax>1327</xmax>
			<ymax>956</ymax>
		</bndbox>
	</object>
	<object>
		<name>cadong</name>
		<pose>Unspecified</pose>
		<truncated>0</truncated>
		<difficult>0</difficult>
		<bndbox>
			<xmin>948</xmin>
			<ymin>828</ymin>
			<xmax>1003</xmax>
			<ymax>889</ymax>
		</bndbox>
	</object>
</annotation>