<annotation>
	<filename>J01_2018.06.16 10_21_06.jpg</filename>
	<source>
		<database>Unknown</database>
	</source>
	<size>
		<width>2560</width>
		<height>1920</height>
		<depth>3</depth>
	</size>
	<segmented>0</segmented>
	<object>
		<name>maodong</name>
		<pose>Unspecified</pose>
		<truncated>0</truncated>
		<difficult>0</difficult>
		<bndbox>
			<xmin>1641</xmin>
			<ymin>395</ymin>
			<xmax>1795</xmax>
			<ymax>683</ymax>
		</bndbox>
	</object>
	<object>
		<name>maodong</name>
		<pose>Unspecified</pose>
		<truncated>0</truncated>
		<difficult>0</difficult>
		<bndbox>
			<xmin>1478</xmin>
			<ymin>936</ymin>
			<xmax>1595</xmax>
			<ymax>1044</ymax>
		</bndbox>
	</object>
</annotation>