<annotation>
	<filename>J01_2018.06.20 15_03_19.jpg</filename>
	<source>
		<database>Unknown</database>
	</source>
	<size>
		<width>2560</width>
		<height>1920</height>
		<depth>3</depth>
	</size>
	<segmented>0</segmented>
	<object>
		<name>zhadong</name>
		<pose>Unspecified</pose>
		<truncated>0</truncated>
		<difficult>0</difficult>
		<bndbox>
			<xmin>122</xmin>
			<ymin>13</ymin>
			<xmax>247</xmax>
			<ymax>800</ymax>
		</bndbox>
	</object>
	<object>
		<name>zhadong</name>
		<pose>Unspecified</pose>
		<truncated>0</truncated>
		<difficult>0</difficult>
		<bndbox>
			<xmin>61</xmin>
			<ymin>911</ymin>
			<xmax>155</xmax>
			<ymax>992</ymax>
		</bndbox>
	</object>
</annotation>