<annotation>
	<filename>J01_2018.06.19 09_07_19.jpg</filename>
	<source>
		<database>Unknown</database>
	</source>
	<size>
		<width>2560</width>
		<height>1920</height>
		<depth>3</depth>
	</size>
	<segmented>0</segmented>
	<object>
		<name>zhadong</name>
		<pose>Unspecified</pose>
		<truncated>0</truncated>
		<difficult>0</difficult>
		<bndbox>
			<xmin>351</xmin>
			<ymin>826</ymin>
			<xmax>450</xmax>
			<ymax>1040</ymax>
		</bndbox>
	</object>
	<object>
		<name>zhadong</name>
		<pose>Unspecified</pose>
		<truncated>0</truncated>
		<difficult>0</difficult>
		<bndbox>
			<xmin>374</xmin>
			<ymin>423</ymin>
			<xmax>437</xmax>
			<ymax>660</ymax>
		</bndbox>
	</object>
</annotation>