<annotation>
	<filename>J01_2018.06.20 15_22_10.jpg</filename>
	<source>
		<database>Unknown</database>
	</source>
	<size>
		<width>2560</width>
		<height>1920</height>
		<depth>1</depth>
	</size>
	<segmented>0</segmented>
	<object>
		<name>youzi</name>
		<pose>Unspecified</pose>
		<truncated>0</truncated>
		<difficult>0</difficult>
		<bndbox>
			<xmin>1071</xmin>
			<ymin>668</ymin>
			<xmax>1252</xmax>
			<ymax>907</ymax>
		</bndbox>
	</object>
	<object>
		<name>youzi</name>
		<pose>Unspecified</pose>
		<truncated>0</truncated>
		<difficult>0</difficult>
		<bndbox>
			<xmin>515</xmin>
			<ymin>858</ymin>
			<xmax>954</xmax>
			<ymax>1215</ymax>
		</bndbox>
	</object>
</annotation>