<annotation>
	<filename>J01_2018.06.20 14_12_48.jpg</filename>
	<source>
		<database>Unknown</database>
	</source>
	<size>
		<width>2560</width>
		<height>1920</height>
		<depth>3</depth>
	</size>
	<segmented>0</segmented>
	<object>
		<name>zhixi</name>
		<pose>Unspecified</pose>
		<truncated>0</truncated>
		<difficult>0</difficult>
		<bndbox>
			<xmin>2212</xmin>
			<ymin>783</ymin>
			<xmax>2465</xmax>
			<ymax>927</ymax>
		</bndbox>
	</object>
	<object>
		<name>zhixi</name>
		<pose>Unspecified</pose>
		<truncated>0</truncated>
		<difficult>0</difficult>
		<bndbox>
			<xmin>1710</xmin>
			<ymin>815</ymin>
			<xmax>1779</xmax>
			<ymax>924</ymax>
		</bndbox>
	</object>
</annotation>