<annotation>
	<filename>J01_2018.06.19 09_06_26.jpg</filename>
	<source>
		<database>Unknown</database>
	</source>
	<size>
		<width>2560</width>
		<height>1920</height>
		<depth>3</depth>
	</size>
	<segmented>0</segmented>
	<object>
		<name>zhadong</name>
		<pose>Unspecified</pose>
		<truncated>0</truncated>
		<difficult>0</difficult>
		<bndbox>
			<xmin>272</xmin>
			<ymin>785</ymin>
			<xmax>372</xmax>
			<ymax>1168</ymax>
		</bndbox>
	</object>
	<object>
		<name>zhadong</name>
		<pose>Unspecified</pose>
		<truncated>0</truncated>
		<difficult>0</difficult>
		<bndbox>
			<xmin>324</xmin>
			<ymin>41</ymin>
			<xmax>385</xmax>
			<ymax>485</ymax>
		</bndbox>
	</object>
</annotation>