<annotation>
	<filename>J01_2018.06.17 13_47_39.jpg</filename>
	<source>
		<database>Unknown</database>
	</source>
	<size>
		<width>2560</width>
		<height>1920</height>
		<depth>3</depth>
	</size>
	<segmented>0</segmented>
	<object>
		<name>podong</name>
		<pose>Unspecified</pose>
		<truncated>0</truncated>
		<difficult>0</difficult>
		<bndbox>
			<xmin>1243</xmin>
			<ymin>246</ymin>
			<xmax>1415</xmax>
			<ymax>1030</ymax>
		</bndbox>
	</object>
	<object>
		<name>podong</name>
		<pose>Unspecified</pose>
		<truncated>0</truncated>
		<difficult>0</difficult>
		<bndbox>
			<xmin>1983</xmin>
			<ymin>262</ymin>
			<xmax>2189</xmax>
			<ymax>736</ymax>
		</bndbox>
	</object>
	<object>
		<name>podong</name>
		<pose>Unspecified</pose>
		<truncated>0</truncated>
		<difficult>0</difficult>
		<bndbox>
			<xmin>371</xmin>
			<ymin>346</ymin>
			<xmax>489</xmax>
			<ymax>552</ymax>
		</bndbox>
	</object>
</annotation>