<annotation>
	<filename>J01_2018.06.17 13_48_11.jpg</filename>
	<source>
		<database>Unknown</database>
	</source>
	<size>
		<width>2560</width>
		<height>1920</height>
		<depth>3</depth>
	</size>
	<segmented>0</segmented>
	<object>
		<name>podong</name>
		<pose>Unspecified</pose>
		<truncated>0</truncated>
		<difficult>0</difficult>
		<bndbox>
			<xmin>1435</xmin>
			<ymin>628</ymin>
			<xmax>1601</xmax>
			<ymax>894</ymax>
		</bndbox>
	</object>
	<object>
		<name>podong</name>
		<pose>Unspecified</pose>
		<truncated>0</truncated>
		<difficult>0</difficult>
		<bndbox>
			<xmin>1451</xmin>
			<ymin>1464</ymin>
			<xmax>1603</xmax>
			<ymax>1658</ymax>
		</bndbox>
	</object>
</annotation>