<annotation>
	<filename>J01_2018.06.19 09_50_01.jpg</filename>
	<source>
		<database>Unknown</database>
	</source>
	<size>
		<width>2560</width>
		<height>1920</height>
		<depth>3</depth>
	</size>
	<segmented>0</segmented>
	<object>
		<name>cashang</name>
		<pose>Unspecified</pose>
		<truncated>0</truncated>
		<difficult>0</difficult>
		<bndbox>
			<xmin>239</xmin>
			<ymin>340</ymin>
			<xmax>377</xmax>
			<ymax>466</ymax>
		</bndbox>
	</object>
	<object>
		<name>cashang</name>
		<pose>Unspecified</pose>
		<truncated>0</truncated>
		<difficult>0</difficult>
		<bndbox>
			<xmin>679</xmin>
			<ymin>94</ymin>
			<xmax>887</xmax>
			<ymax>674</ymax>
		</bndbox>
	</object>
	<object>
		<name>cashang</name>
		<pose>Unspecified</pose>
		<truncated>0</truncated>
		<difficult>0</difficult>
		<bndbox>
			<xmin>179</xmin>
			<ymin>654</ymin>
			<xmax>343</xmax>
			<ymax>1186</ymax>
		</bndbox>
	</object>
</annotation>