<annotation>
	<filename>J01_2018.06.17 15_53_26.jpg</filename>
	<source>
		<database>Unknown</database>
	</source>
	<size>
		<width>2560</width>
		<height>1920</height>
		<depth>3</depth>
	</size>
	<segmented>0</segmented>
	<object>
		<name>quejing</name>
		<pose>Unspecified</pose>
		<truncated>0</truncated>
		<difficult>0</difficult>
		<bndbox>
			<xmin>1693</xmin>
			<ymin>6</ymin>
			<xmax>1935</xmax>
			<ymax>1914</ymax>
		</bndbox>
	</object>
	<object>
		<name>quejing</name>
		<pose>Unspecified</pose>
		<truncated>0</truncated>
		<difficult>0</difficult>
		<bndbox>
			<xmin>1293</xmin>
			<ymin>10</ymin>
			<xmax>1515</xmax>
			<ymax>1912</ymax>
		</bndbox>
	</object>
</annotation>