<annotation>
	<filename>J01_2018.06.17 15_53_18.jpg</filename>
	<source>
		<database>Unknown</database>
	</source>
	<size>
		<width>2560</width>
		<height>1920</height>
		<depth>3</depth>
	</size>
	<segmented>0</segmented>
	<object>
		<name>quejing</name>
		<pose>Unspecified</pose>
		<truncated>0</truncated>
		<difficult>0</difficult>
		<bndbox>
			<xmin>1563</xmin>
			<ymin>14</ymin>
			<xmax>1731</xmax>
			<ymax>1910</ymax>
		</bndbox>
	</object>
	<object>
		<name>quejing</name>
		<pose>Unspecified</pose>
		<truncated>0</truncated>
		<difficult>0</difficult>
		<bndbox>
			<xmin>1269</xmin>
			<ymin>22</ymin>
			<xmax>1337</xmax>
			<ymax>1888</ymax>
		</bndbox>
	</object>
	<object>
		<name>quejing</name>
		<pose>Unspecified</pose>
		<truncated>0</truncated>
		<difficult>0</difficult>
		<bndbox>
			<xmin>1151</xmin>
			<ymin>8</ymin>
			<xmax>1219</xmax>
			<ymax>1898</ymax>
		</bndbox>
	</object>
</annotation>