<annotation>
	<filename>J01_2018.06.19 10_05_24.jpg</filename>
	<source>
		<database>Unknown</database>
	</source>
	<size>
		<width>2560</width>
		<height>1920</height>
		<depth>3</depth>
	</size>
	<segmented>0</segmented>
	<object>
		<name>cadong</name>
		<pose>Unspecified</pose>
		<truncated>0</truncated>
		<difficult>0</difficult>
		<bndbox>
			<xmin>637</xmin>
			<ymin>794</ymin>
			<xmax>733</xmax>
			<ymax>876</ymax>
		</bndbox>
	</object>
	<object>
		<name>cadong</name>
		<pose>Unspecified</pose>
		<truncated>0</truncated>
		<difficult>0</difficult>
		<bndbox>
			<xmin>657</xmin>
			<ymin>1100</ymin>
			<xmax>789</xmax>
			<ymax>1222</ymax>
		</bndbox>
	</object>
	<object>
		<name>cadong</name>
		<pose>Unspecified</pose>
		<truncated>0</truncated>
		<difficult>0</difficult>
		<bndbox>
			<xmin>693</xmin>
			<ymin>1726</ymin>
			<xmax>801</xmax>
			<ymax>1894</ymax>
		</bndbox>
	</object>
	<object>
		<name>cadong</name>
		<pose>Unspecified</pose>
		<truncated>0</truncated>
		<difficult>0</difficult>
		<bndbox>
			<xmin>1405</xmin>
			<ymin>712</ymin>
			<xmax>1501</xmax>
			<ymax>830</ymax>
		</bndbox>
	</object>
	<object>
		<name>cadong</name>
		<pose>Unspecified</pose>
		<truncated>0</truncated>
		<difficult>0</difficult>
		<bndbox>
			<xmin>1611</xmin>
			<ymin>918</ymin>
			<xmax>1947</xmax>
			<ymax>1506</ymax>
		</bndbox>
	</object>
	<object>
		<name>cadong</name>
		<pose>Unspecified</pose>
		<truncated>0</truncated>
		<difficult>0</difficult>
		<bndbox>
			<xmin>2237</xmin>
			<ymin>1512</ymin>
			<xmax>2333</xmax>
			<ymax>1600</ymax>
		</bndbox>
	</object>
	<object>
		<name>cadong</name>
		<pose>Unspecified</pose>
		<truncated>0</truncated>
		<difficult>0</difficult>
		<bndbox>
			<xmin>2243</xmin>
			<ymin>1706</ymin>
			<xmax>2355</xmax>
			<ymax>1866</ymax>
		</bndbox>
	</object>
</annotation>