<annotation>
	<filename>J01_2018.06.19 10_03_15.jpg</filename>
	<source>
		<database>Unknown</database>
	</source>
	<size>
		<width>2560</width>
		<height>1920</height>
		<depth>3</depth>
	</size>
	<segmented>0</segmented>
	<object>
		<name>zhadong</name>
		<pose>Unspecified</pose>
		<truncated>0</truncated>
		<difficult>0</difficult>
		<bndbox>
			<xmin>735</xmin>
			<ymin>622</ymin>
			<xmax>861</xmax>
			<ymax>938</ymax>
		</bndbox>
	</object>
	<object>
		<name>cadong</name>
		<pose>Unspecified</pose>
		<truncated>0</truncated>
		<difficult>0</difficult>
		<bndbox>
			<xmin>1091</xmin>
			<ymin>132</ymin>
			<xmax>1165</xmax>
			<ymax>252</ymax>
		</bndbox>
	</object>
</annotation>