<annotation>
	<filename>J01_2018.06.17 13_47_01.jpg</filename>
	<source>
		<database>Unknown</database>
	</source>
	<size>
		<width>2560</width>
		<height>1920</height>
		<depth>3</depth>
	</size>
	<segmented>0</segmented>
	<object>
		<name>podong</name>
		<pose>Unspecified</pose>
		<truncated>0</truncated>
		<difficult>0</difficult>
		<bndbox>
			<xmin>1571</xmin>
			<ymin>306</ymin>
			<xmax>1739</xmax>
			<ymax>912</ymax>
		</bndbox>
	</object>
	<object>
		<name>podong</name>
		<pose>Unspecified</pose>
		<truncated>0</truncated>
		<difficult>0</difficult>
		<bndbox>
			<xmin>2255</xmin>
			<ymin>416</ymin>
			<xmax>2381</xmax>
			<ymax>618</ymax>
		</bndbox>
	</object>
</annotation>