<annotation>
	<filename>J01_2018.06.17 14_21_05.jpg</filename>
	<source>
		<database>Unknown</database>
	</source>
	<size>
		<width>2560</width>
		<height>1920</height>
		<depth>3</depth>
	</size>
	<segmented>0</segmented>
	<object>
		<name>quejing</name>
		<pose>Unspecified</pose>
		<truncated>0</truncated>
		<difficult>0</difficult>
		<bndbox>
			<xmin>934</xmin>
			<ymin>389</ymin>
			<xmax>1044</xmax>
			<ymax>533</ymax>
		</bndbox>
	</object>
	<object>
		<name>quejing</name>
		<pose>Unspecified</pose>
		<truncated>0</truncated>
		<difficult>0</difficult>
		<bndbox>
			<xmin>1155</xmin>
			<ymin>330</ymin>
			<xmax>1231</xmax>
			<ymax>583</ymax>
		</bndbox>
	</object>
</annotation>