<annotation>
	<filename>J01_2018.06.17 13_30_45.jpg</filename>
	<source>
		<database>Unknown</database>
	</source>
	<size>
		<width>2560</width>
		<height>1920</height>
		<depth>3</depth>
	</size>
	<segmented>0</segmented>
	<object>
		<name>youzi</name>
		<pose>Unspecified</pose>
		<truncated>0</truncated>
		<difficult>0</difficult>
		<bndbox>
			<xmin>633</xmin>
			<ymin>568</ymin>
			<xmax>2057</xmax>
			<ymax>1110</ymax>
		</bndbox>
	</object>
	<object>
		<name>youzi</name>
		<pose>Unspecified</pose>
		<truncated>0</truncated>
		<difficult>0</difficult>
		<bndbox>
			<xmin>2079</xmin>
			<ymin>136</ymin>
			<xmax>2349</xmax>
			<ymax>406</ymax>
		</bndbox>
	</object>
</annotation>