<annotation>
	<filename>J01_2018.06.19 13_57_24.jpg</filename>
	<source>
		<database>Unknown</database>
	</source>
	<size>
		<width>2560</width>
		<height>1920</height>
		<depth>3</depth>
	</size>
	<segmented>0</segmented>
	<object>
		<name>quewei</name>
		<pose>Unspecified</pose>
		<truncated>0</truncated>
		<difficult>0</difficult>
		<bndbox>
			<xmin>133</xmin>
			<ymin>811</ymin>
			<xmax>405</xmax>
			<ymax>883</ymax>
		</bndbox>
	</object>
	<object>
		<name>quewei</name>
		<pose>Unspecified</pose>
		<truncated>0</truncated>
		<difficult>0</difficult>
		<bndbox>
			<xmin>131</xmin>
			<ymin>597</ymin>
			<xmax>761</xmax>
			<ymax>661</ymax>
		</bndbox>
	</object>
	<object>
		<name>quewei</name>
		<pose>Unspecified</pose>
		<truncated>0</truncated>
		<difficult>0</difficult>
		<bndbox>
			<xmin>122</xmin>
			<ymin>467</ymin>
			<xmax>459</xmax>
			<ymax>529</ymax>
		</bndbox>
	</object>
</annotation>