<annotation>
	<filename>J01_2018.06.20 14_23_36.jpg</filename>
	<source>
		<database>Unknown</database>
	</source>
	<size>
		<width>2560</width>
		<height>1920</height>
		<depth>3</depth>
	</size>
	<segmented>0</segmented>
	<object>
		<name>lengduan</name>
		<pose>Unspecified</pose>
		<truncated>0</truncated>
		<difficult>0</difficult>
		<bndbox>
			<xmin>1229</xmin>
			<ymin>806</ymin>
			<xmax>1331</xmax>
			<ymax>877</ymax>
		</bndbox>
	</object>
	<object>
		<name>lengduan</name>
		<pose>Unspecified</pose>
		<truncated>0</truncated>
		<difficult>0</difficult>
		<bndbox>
			<xmin>1224</xmin>
			<ymin>383</ymin>
			<xmax>1376</xmax>
			<ymax>543</ymax>
		</bndbox>
	</object>
</annotation>