<annotation>
	<filename>J01_2018.06.17 13_05_56.jpg</filename>
	<source>
		<database>Unknown</database>
	</source>
	<size>
		<width>2560</width>
		<height>1920</height>
		<depth>3</depth>
	</size>
	<segmented>0</segmented>
	<object>
		<name>tiaohua</name>
		<pose>Unspecified</pose>
		<truncated>0</truncated>
		<difficult>0</difficult>
		<bndbox>
			<xmin>1100</xmin>
			<ymin>453</ymin>
			<xmax>1494</xmax>
			<ymax>516</ymax>
		</bndbox>
	</object>
	<object>
		<name>tiaohua</name>
		<pose>Unspecified</pose>
		<truncated>0</truncated>
		<difficult>0</difficult>
		<bndbox>
			<xmin>1533</xmin>
			<ymin>514</ymin>
			<xmax>1833</xmax>
			<ymax>560</ymax>
		</bndbox>
	</object>
	<object>
		<name>tiaohua</name>
		<pose>Unspecified</pose>
		<truncated>0</truncated>
		<difficult>0</difficult>
		<bndbox>
			<xmin>1664</xmin>
			<ymin>577</ymin>
			<xmax>2183</xmax>
			<ymax>629</ymax>
		</bndbox>
	</object>
</annotation>