<annotation>
	<filename>J01_2018.06.17 13_44_50.jpg</filename>
	<source>
		<database>Unknown</database>
	</source>
	<size>
		<width>2560</width>
		<height>1920</height>
		<depth>3</depth>
	</size>
	<segmented>0</segmented>
	<object>
		<name>wuzi</name>
		<pose>Unspecified</pose>
		<truncated>0</truncated>
		<difficult>0</difficult>
		<bndbox>
			<xmin>775</xmin>
			<ymin>644</ymin>
			<xmax>955</xmax>
			<ymax>1102</ymax>
		</bndbox>
	</object>
	<object>
		<name>wuzi</name>
		<pose>Unspecified</pose>
		<truncated>0</truncated>
		<difficult>0</difficult>
		<bndbox>
			<xmin>1403</xmin>
			<ymin>698</ymin>
			<xmax>1961</xmax>
			<ymax>896</ymax>
		</bndbox>
	</object>
	<object>
		<name>wuzi</name>
		<pose>Unspecified</pose>
		<truncated>0</truncated>
		<difficult>0</difficult>
		<bndbox>
			<xmin>277</xmin>
			<ymin>1266</ymin>
			<xmax>369</xmax>
			<ymax>1360</ymax>
		</bndbox>
	</object>
</annotation>